player_name,placement,has_killacure24,has_Chieffelix47,has_Rook,has_MarkMadness,has_socom1880,has_Arturias13,has_clayschubiner,kills,kdRatio,score,timePlayed,headshots,executions,assists,percentTimeMoving,longestStreak,scorePerMinute,damageDone,distanceTraveled,deaths,damageTaken,damageDonePerMinute,medalXp,objectiveTeamWiped,objectiveLastStandKill,matchXp,scoreXp,totalXp,challengeXp,objectiveDestroyedVehicleMedium,teamSurvivalTime,objectiveBrDownEnemyCircle3,objectiveBrDownEnemyCircle1,objectiveBrMissionPickupTablet,bonusXp,objectiveReviver,objectiveBrKioskBuy,objectiveBrDownEnemyCircle6,gulagDeaths,gulagKills,objectiveBrCacheOpen,miscXp,match_id,match_modeId,match_mapId,match_duration,match_playerCount,match_teamCount,match_mapName
clayschubiner,4,False,False,False,False,True,False,True,0.0,0.0,3400.0,1569.0,0.0,0.0,0.0,85.20027,0.0,130.019120458891,283.0,599649.1,3.0,829.0,10.822179732313575,0.0,,,12676.0,5650.0,18326.0,0.0,,1454400.0,,,5.0,0.0,,2.0,,2.0,0.0,4.0,0.0,784018968162183159,br_88,mp_donetsk2,1529.0,149,76,Verdansk
socom1880,4,False,False,False,False,True,False,True,5.0,5.0,6800.0,1569.0,2.0,0.0,0.0,93.34691,6.0,260.038240917782,2236.0,602615.06,1.0,513.0,85.50669216061186,,,,,,,,,,,,,,,,,,,,,784018968162183159,br_88,mp_donetsk2,1529.0,149,76,Verdansk
MarkMadness,9,False,False,False,True,True,False,True,2.0,1.0,2475.0,1376.0,0.0,0.0,0.0,99.17043,2.0,107.92151162790698,814.0,501496.75,2.0,503.0,35.49418604651163,,,,,,,,,,,,,,,,,,,,,14483814841302969214,br_25,mp_donetsk2,1676.0,148,52,Verdansk
clayschubiner,9,False,False,False,True,True,False,True,1.0,1.0,6625.0,1379.0,0.0,0.0,0.0,96.90799,1.0,288.25235678027553,533.0,478511.28,1.0,531.0,23.190717911530093,0.0,1.0,1.0,11272.0,13515.0,25081.0,0.0,,1329792.0,1.0,,5.0,0.0,,5.0,,0.0,0.0,5.0,0.0,14483814841302969214,br_25,mp_donetsk2,1676.0,148,52,Verdansk
socom1880,9,False,False,False,True,True,False,True,6.0,3.0,4300.0,1379.0,1.0,0.0,0.0,88.612366,3.0,187.09209572153736,2454.0,581084.6,2.0,708.0,106.77302393038433,,,,,,,,,,,,,,,,,,,,,14483814841302969214,br_25,mp_donetsk2,1676.0,148,52,Verdansk
MarkMadness,2,False,False,False,True,True,False,True,2.0,2.0,7325.0,1765.0,0.0,0.0,0.0,93.08672,1.0,249.00849858356938,1198.0,453014.97,1.0,493.0,40.725212464589234,,,,,,,,,,,,,,,,,,,,,8986566823157720677,br_25,mp_donetsk2,1712.0,152,51,Verdansk
clayschubiner,2,False,False,False,True,True,False,True,3.0,3.0,4825.0,1815.0,0.0,0.0,0.0,85.809586,4.0,159.50413223140495,854.0,456654.94,1.0,572.0,28.231404958677686,40.0,3.0,1.0,13747.0,10115.0,25132.0,0.0,1.0,1666848.0,1.0,1.0,5.0,0.0,3.0,2.0,1.0,0.0,0.0,2.0,0.0,8986566823157720677,br_25,mp_donetsk2,1712.0,152,51,Verdansk
socom1880,2,False,False,False,True,True,False,True,3.0,3.0,3925.0,1814.0,0.0,0.0,0.0,95.20922,1.0,129.82359426681367,2455.0,545282.94,1.0,504.0,81.20176405733186,,,,,,,,,,,,,,,,,,,,,8986566823157720677,br_25,mp_donetsk2,1712.0,152,51,Verdansk
Chieffelix47,2,False,True,True,False,True,False,True,9.0,9.0,8600.0,1667.0,1.0,0.0,0.0,99.54308,7.0,309.5380923815237,3075.0,522282.22,1.0,284.0,110.67786442711457,,,,,,,,,,,,,,,,,,,,,6236232565544212485,br_89,mp_donetsk2,1603.0,151,42,Verdansk
clayschubiner,2,False,True,True,False,True,False,True,0.0,0.0,2800.0,1668.0,0.0,0.0,0.0,70.169716,0.0,100.71942446043165,727.0,495171.12,4.0,789.0,26.151079136690647,0.0,,,13408.0,9580.0,22988.0,0.0,,1549104.0,,,6.0,0.0,,2.0,,3.0,0.0,2.0,0.0,6236232565544212485,br_89,mp_donetsk2,1603.0,151,42,Verdansk
Rook,2,False,True,True,False,True,False,True,4.0,4.0,8850.0,1668.0,2.0,0.0,0.0,96.93212,5.0,318.34532374100723,2048.0,506733.03,1.0,462.0,73.66906474820144,,,,,,,,,,,,,,,,,,,,,6236232565544212485,br_89,mp_donetsk2,1603.0,151,42,Verdansk
socom1880,2,False,True,True,False,True,False,True,4.0,4.0,10625.0,1669.0,1.0,0.0,0.0,94.64752,6.0,381.96524865188735,2297.0,512417.22,1.0,333.0,82.57639304973038,,,,,,,,,,,,,,,,,,,,,6236232565544212485,br_89,mp_donetsk2,1603.0,151,42,Verdansk
Chieffelix47,5,False,True,True,False,True,False,True,1.0,1.0,4150.0,1530.0,0.0,0.0,0.0,91.95003,1.0,162.7450980392157,1604.0,563402.1,1.0,644.0,62.90196078431372,,,,,,,,,,,,,,,,,,,,,2962073134606430195,br_89,mp_donetsk2,1538.0,152,41,Verdansk
clayschubiner,5,False,True,True,False,True,False,True,0.0,0.0,1750.0,1530.0,0.0,0.0,0.0,73.16228,1.0,68.62745098039215,618.0,563222.8,1.0,487.0,24.235294117647058,10.0,,1.0,12392.0,7040.0,19475.0,0.0,,1385424.0,,,5.0,0.0,,1.0,,0.0,0.0,1.0,0.0,2962073134606430195,br_89,mp_donetsk2,1538.0,152,41,Verdansk
Rook,5,False,True,True,False,True,False,True,2.0,2.0,6050.0,1531.0,0.0,1.0,0.0,92.23302,1.0,237.0999346832136,641.0,515200.72,1.0,245.0,25.1208360548661,,,,,,,,,,,,,,,,,,,,,2962073134606430195,br_89,mp_donetsk2,1538.0,152,41,Verdansk
socom1880,5,False,True,True,False,True,False,True,5.0,5.0,4050.0,1529.0,0.0,0.0,0.0,88.48022,4.0,158.92740353172007,1838.0,556638.4,1.0,276.0,72.12557226945717,,,,,,,,,,,,,,,,,,,,,2962073134606430195,br_89,mp_donetsk2,1538.0,152,41,Verdansk
Chieffelix47,4,False,True,True,False,True,False,True,3.0,3.0,3825.0,1529.0,1.0,0.0,0.0,93.945724,3.0,150.0981033355134,2065.0,532194.06,1.0,359.0,81.03335513407455,,,,,,,,,,,,,,,,,,,,,10475107182468907084,br_89,mp_donetsk2,1540.0,153,42,Verdansk
clayschubiner,4,False,True,True,False,True,False,True,2.0,2.0,5425.0,1532.0,0.0,0.0,0.0,89.07446,3.0,212.46736292428199,889.0,490188.44,1.0,213.0,34.81723237597911,30.0,,3.0,12816.0,12545.0,25448.0,0.0,,1397232.0,,2.0,6.0,0.0,,3.0,,0.0,0.0,1.0,0.0,10475107182468907084,br_89,mp_donetsk2,1540.0,153,42,Verdansk
Rook,4,False,True,True,False,True,False,True,0.0,0.0,9500.0,1532.0,0.0,0.0,0.0,95.33751,0.0,372.0626631853786,116.0,511792.75,1.0,305.0,4.543080939947781,,,,,,,,,,,,,,,,,,,,,10475107182468907084,br_89,mp_donetsk2,1540.0,153,42,Verdansk
socom1880,4,False,True,True,False,True,False,True,6.0,6.0,8700.0,1531.0,1.0,0.0,0.0,94.64162,6.0,340.95362508164595,2328.0,538876.5,1.0,201.0,91.23448726322665,,,,,,,,,,,,,,,,,,,,,10475107182468907084,br_89,mp_donetsk2,1540.0,153,42,Verdansk
clayschubiner,25,True,False,True,False,True,False,True,0.0,0.0,2600.0,853.0,0.0,0.0,0.0,75.42263,0.0,182.883939038687,6.0,450240.62,2.0,515.0,0.4220398593200469,30.0,,,5379.0,4800.0,10209.0,0.0,,750336.0,,,4.0,0.0,,1.0,,0.0,1.0,1.0,0.0,7020119969743786313,br_89,mp_donetsk2,1649.0,151,39,Verdansk
Rook,25,True,False,True,False,True,False,True,2.0,1.0,3375.0,852.0,0.0,0.0,0.0,91.6775,1.0,237.6760563380282,494.0,524671.06,2.0,458.0,34.7887323943662,,,,,,,,,,,,,,,,,,,,,7020119969743786313,br_89,mp_donetsk2,1649.0,151,39,Verdansk
killacure24,25,True,False,True,False,True,False,True,3.0,1.5,1950.0,853.0,1.0,0.0,0.0,92.3277,2.0,137.16295427901522,1054.0,454138.12,2.0,366.0,74.13833528722157,40.0,,2.0,5379.0,4150.0,9678.0,0.0,,750336.0,,3.0,4.0,0.0,,,,0.0,1.0,6.0,0.0,7020119969743786313,br_89,mp_donetsk2,1649.0,151,39,Verdansk
socom1880,25,True,False,True,False,True,False,True,0.0,0.0,1000.0,853.0,0.0,0.0,0.0,74.12224,0.0,70.33997655334116,55.0,371496.44,2.0,336.0,3.868698710433763,15.0,,,5379.0,3200.0,8594.0,0.0,,750336.0,,,4.0,0.0,,,,1.0,0.0,6.0,0.0,7020119969743786313,br_89,mp_donetsk2,1649.0,151,39,Verdansk
clayschubiner,16,True,False,False,False,True,False,True,2.0,1.0,3200.0,1132.0,0.0,0.0,0.0,90.909096,1.0,169.6113074204947,471.0,667670.4,2.0,464.0,24.964664310954063,0.0,1.0,,8986.0,7650.0,16708.0,0.0,,1003776.0,,2.0,5.0,0.0,1.0,2.0,,0.0,1.0,5.0,0.0,12262782835457486347,br_25,mp_donetsk2,1634.0,150,50,Verdansk
killacure24,16,True,False,False,False,True,False,True,2.0,1.0,6000.0,1130.0,2.0,0.0,0.0,90.909096,1.0,318.5840707964602,1186.0,672502.3,2.0,657.0,62.97345132743363,105.0,,,8986.0,10750.0,19893.0,0.0,,1003776.0,,,5.0,0.0,,4.0,,0.0,1.0,7.0,0.0,12262782835457486347,br_25,mp_donetsk2,1634.0,150,50,Verdansk
socom1880,16,True,False,False,False,True,False,True,1.0,0.5,6350.0,1131.0,0.0,0.0,0.0,94.25838,1.0,336.8700265251989,294.0,641412.3,2.0,677.0,15.59681697612732,0.0,,,8986.0,10800.0,19836.0,0.0,,1003776.0,,,5.0,0.0,,6.0,,0.0,1.0,4.0,0.0,12262782835457486347,br_25,mp_donetsk2,1634.0,150,50,Verdansk
Chieffelix47,18,False,True,False,False,False,True,True,3.0,1.5,5175.0,1107.0,1.0,0.0,0.0,93.13725,3.0,280.4878048780488,1960.0,382607.6,2.0,298.0,106.23306233062331,,,,,,,,,,,,,,,,,,,,,5905780222332170761,br_25,mp_donetsk2,1641.0,151,52,Verdansk
Arturias13,18,False,True,False,False,False,True,True,5.0,2.5,4950.0,1107.0,1.0,0.0,0.0,90.196075,4.0,268.2926829268293,1690.0,307164.9,2.0,788.0,91.59891598915989,,,,,,,,,,,,,,,,,,,,,5905780222332170761,br_25,mp_donetsk2,1641.0,151,52,Verdansk
clayschubiner,18,False,True,False,False,False,True,True,2.0,1.0,1225.0,1108.0,0.0,0.0,0.0,80.882355,2.0,66.33574007220216,591.0,299298.03,2.0,513.0,32.00361010830325,20.0,1.0,1.0,8851.0,1725.0,10651.0,0.0,,1006464.0,,2.0,2.0,0.0,,,,1.0,0.0,2.0,0.0,5905780222332170761,br_25,mp_donetsk2,1641.0,151,52,Verdansk
Chieffelix47,4,False,True,False,False,False,True,True,6.0,3.0,4975.0,1598.0,1.0,0.0,0.0,72.70916,3.0,186.7959949937422,2106.0,497982.72,2.0,736.0,79.0738423028786,,,,,,,,,,,,,,,,,,,,,257841491263855296,br_25,mp_donetsk2,1568.0,153,51,Verdansk
Arturias13,4,False,True,False,False,False,True,True,6.0,2.0,3675.0,1599.0,1.0,0.0,0.0,47.144753,4.0,137.8986866791745,1773.0,343239.78,3.0,720.0,66.52908067542214,,,,,,,,,,,,,,,,,,,,,257841491263855296,br_25,mp_donetsk2,1568.0,153,51,Verdansk
clayschubiner,4,False,True,False,False,False,True,True,6.0,2.0,2500.0,1599.0,3.0,0.0,0.0,65.405045,5.0,93.80863039399625,1500.0,370182.84,3.0,889.0,56.285178236397755,330.0,1.0,4.0,12689.0,3125.0,16820.0,0.0,,1469952.0,,4.0,2.0,0.0,,,,1.0,1.0,1.0,0.0,257841491263855296,br_25,mp_donetsk2,1568.0,153,51,Verdansk
Chieffelix47,6,True,True,False,False,True,False,True,3.0,3.0,7925.0,1565.0,0.0,0.0,0.0,78.80435,3.0,303.83386581469654,1567.0,540111.4,1.0,256.0,60.07667731629393,,,,,,,,,,,,,,,,,,,,,10947628477400197041,br_89,mp_donetsk2,1590.0,153,39,Verdansk
clayschubiner,6,True,True,False,False,True,False,True,0.0,0.0,5200.0,1567.0,0.0,0.0,0.0,74.38859,0.0,199.10657306955966,552.0,498137.38,1.0,444.0,21.135928525845564,10.0,,,12099.0,12080.0,24189.0,0.0,,1455648.0,,,6.0,0.0,,5.0,,0.0,0.0,3.0,0.0,10947628477400197041,br_89,mp_donetsk2,1590.0,153,39,Verdansk
killacure24,6,True,True,False,False,True,False,True,0.0,0.0,2725.0,1566.0,0.0,0.0,0.0,84.23913,0.0,104.40613026819923,151.0,577768.44,1.0,323.0,5.78544061302682,40.0,,,12099.0,9905.0,22049.0,0.0,,1455648.0,,,6.0,0.0,,2.0,,0.0,0.0,2.0,0.0,10947628477400197041,br_89,mp_donetsk2,1590.0,153,39,Verdansk
socom1880,6,True,True,False,False,True,False,True,1.0,1.0,4150.0,1566.0,1.0,0.0,0.0,81.86141,1.0,159.00383141762453,256.0,563225.9,1.0,310.0,9.808429118773946,20.0,1.0,,12099.0,11130.0,23367.0,0.0,,1455648.0,,,6.0,0.0,,3.0,,0.0,0.0,5.0,0.0,10947628477400197041,br_89,mp_donetsk2,1590.0,153,39,Verdansk
Chieffelix47,15,True,True,False,False,True,False,True,1.0,0.5,7125.0,1111.0,0.0,0.0,0.0,92.37536,1.0,384.7884788478848,999.0,523296.7,2.0,397.0,53.951395139513956,,,,,,,,,,,,,,,,,,,,,15836072830799025236,br_89,mp_donetsk2,1454.0,153,39,Verdansk
clayschubiner,15,True,True,False,False,True,False,True,1.0,0.5,2050.0,1113.0,0.0,0.0,0.0,87.97654,1.0,110.5121293800539,287.0,677179.7,2.0,605.0,15.471698113207546,10.0,,,8639.0,5350.0,14049.0,0.0,,1004688.0,,,4.0,0.0,,1.0,,0.0,1.0,4.0,0.0,15836072830799025236,br_89,mp_donetsk2,1454.0,153,39,Verdansk
killacure24,15,True,True,False,False,True,False,True,1.0,0.3333333333333333,1425.0,1113.0,0.0,0.0,0.0,86.999016,1.0,76.81940700808626,1163.0,512078.5,3.0,775.0,62.69541778975741,10.0,,1.0,8639.0,4725.0,13495.0,0.0,,1004688.0,,1.0,4.0,0.0,,,,2.0,0.0,6.0,0.0,15836072830799025236,br_89,mp_donetsk2,1454.0,153,39,Verdansk
socom1880,15,True,True,False,False,True,False,True,0.0,0.0,4000.0,1113.0,0.0,0.0,0.0,90.90909,0.0,215.63342318059298,539.0,480215.94,3.0,668.0,29.056603773584904,0.0,,,8639.0,7200.0,15861.0,0.0,,1004688.0,,1.0,4.0,0.0,1.0,3.0,,2.0,0.0,12.0,0.0,15836072830799025236,br_89,mp_donetsk2,1454.0,153,39,Verdansk
Chieffelix47,20,True,True,False,False,False,False,True,3.0,1.0,900.0,1275.0,0.0,0.0,0.0,74.78992,2.0,42.352941176470594,959.0,453148.66,3.0,635.0,45.129411764705885,,,,,,,,,,,,,,,,,,,,,11439464473096463873,br_dmz_76,mp_donetsk2,1209.0,100,37,Verdansk
clayschubiner,20,True,True,False,False,False,False,True,0.0,0.0,500.0,1276.0,0.0,0.0,0.0,89.91597,0.0,23.510971786833856,67.0,649490.2,6.0,1250.0,3.150470219435737,250.0,,,12437.0,1300.0,13987.0,0.0,,,,,,0.0,,,,,,5.0,0.0,11439464473096463873,br_dmz_76,mp_donetsk2,1209.0,100,37,Verdansk
killacure24,20,True,True,False,False,False,False,True,1.0,0.5,0.0,1275.0,0.0,0.0,0.0,71.84874,0.0,0.0,499.0,545017.9,2.0,206.0,23.48235294117647,250.0,,,12437.0,0.0,12687.0,0.0,,,,,,0.0,,,,,,,0.0,11439464473096463873,br_dmz_76,mp_donetsk2,1209.0,100,37,Verdansk
Chieffelix47,1,False,True,True,False,True,False,True,8.0,8.0,6525.0,1662.0,4.0,0.0,0.0,95.36602,7.0,235.5595667870036,3928.0,430470.9,0.0,0.0,141.80505415162455,,,,,,,,,,,,,,,,,,,,,2015729780656531273,br_89,mp_donetsk2,1559.0,151,39,Verdansk
clayschubiner,1,False,True,True,False,True,False,True,4.0,2.0,4850.0,1663.0,1.0,0.0,0.0,86.63533,2.0,174.98496692723992,1700.0,432960.44,2.0,387.0,61.33493686109441,70.0,2.0,1.0,13237.0,8150.0,22133.0,0.0,,1559000.0,1.0,,4.0,0.0,,1.0,1.0,2.0,0.0,,0.0,2015729780656531273,br_89,mp_donetsk2,1559.0,151,39,Verdansk
Rook,1,False,True,True,False,True,False,True,3.0,3.0,8750.0,1663.0,0.0,0.0,0.0,96.373405,4.0,315.69452796151535,874.0,367838.12,0.0,0.0,31.53337342152736,,,,,,,,,,,,,,,,,,,,,2015729780656531273,br_89,mp_donetsk2,1559.0,151,39,Verdansk
socom1880,1,False,True,True,False,True,False,True,6.0,3.0,4450.0,1661.0,3.0,0.0,0.0,85.627945,6.0,160.74653822998195,1648.0,414051.1,2.0,346.0,59.530403371462974,365.0,4.0,2.0,13237.0,7750.0,23691.0,0.0,1.0,1559000.0,1.0,3.0,4.0,0.0,,,1.0,2.0,0.0,3.0,0.0,2015729780656531273,br_89,mp_donetsk2,1559.0,151,39,Verdansk
Chieffelix47,40,False,True,True,False,True,False,True,0.0,0.0,0.0,136.0,0.0,0.0,0.0,100.0,0.0,0.0,0.0,234120.1,0.0,0.0,0.0,,,,,,,,,,,,,,,,,,,,,7244888042715934775,br_89,mp_donetsk2,1652.0,149,41,Verdansk
clayschubiner,40,False,True,True,False,True,False,True,0.0,0.0,0.0,137.0,0.0,0.0,0.0,100.0,0.0,0.0,0.0,205336.95,1.0,1200.0,0.0,0.0,,,586.0,0.0,586.0,0.0,,54432.0,,,,0.0,,,,0.0,0.0,,0.0,7244888042715934775,br_89,mp_donetsk2,1652.0,149,41,Verdansk
Rook,40,False,True,True,False,True,False,True,0.0,0.0,0.0,138.0,0.0,0.0,0.0,100.0,0.0,0.0,56.0,124107.63,0.0,0.0,24.347826086956523,,,,,,,,,,,,,,,,,,,,,7244888042715934775,br_89,mp_donetsk2,1652.0,149,41,Verdansk
socom1880,40,False,True,True,False,True,False,True,0.0,0.0,0.0,137.0,0.0,0.0,0.0,91.83673,0.0,0.0,0.0,233454.42,0.0,0.0,0.0,0.0,,,586.0,0.0,586.0,0.0,,54432.0,,,,0.0,,,,0.0,0.0,,0.0,7244888042715934775,br_89,mp_donetsk2,1652.0,149,41,Verdansk
Chieffelix47,4,False,True,False,False,True,False,True,1.0,0.3333333333333333,4900.0,1523.0,0.0,0.0,0.0,70.62937,0.0,193.04005252790543,705.0,465613.03,3.0,444.0,27.77413000656599,,,,,,,,,,,,,,,,,,,,,2157259838962418130,br_25,mp_donetsk2,1579.0,152,53,Verdansk
clayschubiner,4,False,True,False,False,True,False,True,0.0,0.0,3400.0,1524.0,0.0,0.0,0.0,76.92308,1.0,133.85826771653544,350.0,507980.12,3.0,537.0,13.779527559055119,10.0,,1.0,12802.0,8890.0,21762.0,0.0,,1424688.0,,,7.0,0.0,,2.0,,2.0,0.0,6.0,0.0,2157259838962418130,br_25,mp_donetsk2,1579.0,152,53,Verdansk
socom1880,4,False,True,False,False,True,False,True,2.0,1.0,4175.0,1523.0,1.0,0.0,0.0,91.60839,2.0,164.4780039395929,1463.0,515606.7,2.0,228.0,57.63624425476034,40.0,,1.0,12802.0,9790.0,23082.0,0.0,,1424688.0,,,7.0,0.0,,2.0,,0.0,1.0,5.0,0.0,2157259838962418130,br_25,mp_donetsk2,1579.0,152,53,Verdansk
Chieffelix47,6,False,True,False,False,True,False,True,3.0,1.5,3100.0,1555.0,0.0,0.0,0.0,65.83507,1.0,119.61414790996785,1170.0,511587.3,2.0,503.0,45.144694533762056,,,,,,,,,,,,,,,,,,,,,7543913256965420782,br_25,mp_donetsk2,1587.0,151,51,Verdansk
clayschubiner,6,False,True,False,False,True,False,True,1.0,0.25,1500.0,1555.0,0.0,0.0,0.0,54.40055,2.0,57.87781350482315,944.0,565392.5,4.0,792.0,36.42443729903537,30.0,,2.0,11833.0,4360.0,16348.0,0.0,,1436448.0,,1.0,5.0,0.0,,,,3.0,0.0,2.0,0.0,7543913256965420782,br_25,mp_donetsk2,1587.0,151,51,Verdansk
socom1880,6,False,True,False,False,True,False,True,1.0,1.0,3000.0,1555.0,0.0,0.0,0.0,96.327095,2.0,115.7556270096463,638.0,584188.75,1.0,149.0,24.617363344051444,15.0,,2.0,11833.0,5760.0,17608.0,0.0,,1436448.0,,1.0,5.0,0.0,,1.0,,0.0,0.0,5.0,0.0,7543913256965420782,br_25,mp_donetsk2,1587.0,151,51,Verdansk
MarkMadness,13,False,False,False,True,True,True,True,5.0,2.5,3750.0,1170.0,1.0,0.0,0.0,97.39049,3.0,192.30769230769232,1930.0,400686.5,2.0,432.0,98.97435897435898,70.0,,4.0,9437.0,4950.0,14883.0,0.0,,1063824.0,,2.0,3.0,0.0,,2.0,,0.0,1.0,4.0,0.0,2530407851520172053,br_89,mp_donetsk2,1571.0,153,40,Verdansk
Arturias13,13,False,False,False,True,True,True,True,0.0,0.0,3800.0,1210.0,0.0,0.0,0.0,62.443848,0.0,188.42975206611573,32.0,446510.88,2.0,300.0,1.586776859504132,,,,,,,,,,,,,,,,,,,,,2530407851520172053,br_89,mp_donetsk2,1571.0,153,40,Verdansk
clayschubiner,13,False,False,False,True,True,True,True,2.0,1.0,975.0,1372.0,0.0,0.0,0.0,62.00942,1.0,42.63848396501458,309.0,513619.3,2.0,514.0,13.513119533527696,0.0,,1.0,9437.0,2175.0,11667.0,0.0,,1063824.0,,2.0,3.0,0.0,,,,1.0,0.0,3.0,0.0,2530407851520172053,br_89,mp_donetsk2,1571.0,153,40,Verdansk
socom1880,13,False,False,False,True,True,True,True,3.0,1.5,5225.0,1184.0,0.0,0.0,0.0,89.236435,4.0,264.7804054054054,1267.0,500035.06,2.0,352.0,64.20608108108108,50.0,1.0,3.0,9437.0,6525.0,16235.0,0.0,,1063824.0,,3.0,3.0,0.0,,2.0,,1.0,0.0,10.0,0.0,2530407851520172053,br_89,mp_donetsk2,1571.0,153,40,Verdansk
Arturias13,7,False,False,False,False,True,True,True,0.0,0.0,2000.0,1419.0,0.0,0.0,0.0,75.485794,0.0,84.56659619450316,355.0,487408.75,3.0,452.0,15.010570824524313,,,,,,,,,,,,,,,,,,,,,17133170014100098048,br_25,mp_donetsk2,1522.0,148,50,Verdansk
clayschubiner,7,False,False,False,False,True,True,True,1.0,0.5,2600.0,1420.0,0.0,0.0,0.0,94.1704,1.0,109.85915492957747,274.0,631948.2,2.0,371.0,11.577464788732394,0.0,,,11479.0,7050.0,18632.0,0.0,,1308576.0,,,5.0,0.0,1.0,1.0,,0.0,1.0,8.0,0.0,17133170014100098048,br_25,mp_donetsk2,1522.0,148,50,Verdansk
socom1880,7,False,False,False,False,True,True,True,0.0,0.0,1775.0,1419.0,0.0,0.0,0.0,74.73841,0.0,75.05285412262157,143.0,499253.97,3.0,569.0,6.046511627906977,10.0,,,11479.0,6325.0,17829.0,0.0,,1308576.0,,,5.0,0.0,,2.0,,2.0,0.0,4.0,0.0,17133170014100098048,br_25,mp_donetsk2,1522.0,148,50,Verdansk
clayschubiner,21,False,False,False,False,True,False,True,1.0,0.5,900.0,1070.0,0.0,0.0,0.0,82.8252,1.0,50.467289719626166,215.0,333844.28,2.0,495.0,12.056074766355142,10.0,,,8554.0,3100.0,11674.0,0.0,,889776.0,,,4.0,0.0,1.0,,,0.0,1.0,2.0,0.0,10137540738068226056,br_88,mp_donetsk2,1604.0,153,76,Verdansk
socom1880,21,False,False,False,False,True,False,True,2.0,1.0,2150.0,1071.0,0.0,0.0,0.0,84.771576,1.0,120.44817927170868,778.0,400647.1,2.0,605.0,43.58543417366946,0.0,,1.0,8554.0,4250.0,12984.0,0.0,,889776.0,,1.0,4.0,0.0,,,,0.0,1.0,11.0,0.0,10137540738068226056,br_88,mp_donetsk2,1604.0,153,76,Verdansk
clayschubiner,27,False,False,False,False,False,False,True,3.0,0.5,925.0,1194.0,1.0,0.0,0.0,67.843864,3.0,46.48241206030151,1797.0,322261.3,6.0,600.0,90.30150753768845,300.0,,3.0,11250.0,925.0,24850.0,0.0,,,,,1.0,0.0,,,,,,,0.0,6275925178666298542,br_dmz_76,mp_donetsk2,1094.0,100,37,Verdansk
clayschubiner,19,False,False,False,False,False,False,True,3.0,0.5,1200.0,1003.0,3.0,0.0,0.0,63.249733,3.0,71.78464606181456,1475.0,444445.53,6.0,600.0,88.23529411764707,300.0,2.0,2.0,9593.0,1200.0,21786.0,0.0,,,,,,0.0,,,,,,,0.0,253021444348803250,br_dmz_76,mp_donetsk2,934.0,98,36,Verdansk
clayschubiner,20,False,False,False,False,False,False,True,0.0,0.0,0.0,183.0,0.0,0.0,0.0,67.46032,0.0,0.0,200.0,174637.97,0.0,0.0,65.57377049180329,0.0,,,0.0,100.0,200.0,0.0,,,,,,0.0,,,,,,,0.0,12344529467715231984,br_dmz_76,mp_donetsk2,1309.0,103,37,Verdansk
Chieffelix47,1,False,True,False,False,True,False,True,2.0,2.0,7475.0,1661.0,0.0,0.0,0.0,98.4748,3.0,270.0180614087899,1026.0,551405.6,0.0,355.0,37.062010836845275,45.0,2.0,3.0,13048.0,11845.0,26808.0,0.0,,1570000.0,,2.0,5.0,0.0,,4.0,,0.0,0.0,7.0,0.0,4930796166599964159,br_25,mp_donetsk2,1570.0,148,50,Verdansk
clayschubiner,1,False,True,False,False,True,False,True,4.0,2.0,2475.0,1662.0,0.0,0.0,0.0,91.51193,1.0,89.35018050541517,1682.0,558023.0,2.0,704.0,60.72202166064982,30.0,,1.0,13048.0,6745.0,20892.0,0.0,,1570000.0,,1.0,5.0,0.0,,1.0,,2.0,0.0,3.0,0.0,4930796166599964159,br_25,mp_donetsk2,1570.0,148,50,Verdansk
socom1880,1,False,True,False,False,True,False,True,4.0,4.0,5925.0,1662.0,0.0,0.0,0.0,95.490715,4.0,213.89891696750902,1438.0,557201.8,0.0,109.0,51.91335740072202,110.0,1.0,2.0,13048.0,10295.0,25300.0,0.0,,1570000.0,,3.0,5.0,0.0,1.0,3.0,1.0,0.0,0.0,7.0,0.0,4930796166599964159,br_25,mp_donetsk2,1570.0,148,50,Verdansk
Chieffelix47,17,False,True,False,False,True,True,True,0.0,0.0,700.0,1023.0,0.0,0.0,0.0,42.391304,0.0,41.05571847507331,400.0,248730.2,2.0,274.0,23.46041055718475,20.0,,,8289.0,1400.0,9929.0,0.0,,914928.0,,,2.0,0.0,,,,1.0,0.0,5.0,0.0,5844432169364627517,br_89,mp_donetsk2,1547.0,151,41,Verdansk
Arturias13,17,False,True,False,False,True,True,True,2.0,1.0,2625.0,1023.0,1.0,0.0,0.0,77.71739,1.0,153.95894428152494,1309.0,373949.0,2.0,575.0,76.77419354838709,,,,,,,,,,,,,,,,,,,,,5844432169364627517,br_89,mp_donetsk2,1547.0,151,41,Verdansk
clayschubiner,17,False,True,False,False,True,True,True,2.0,1.0,950.0,1023.0,0.0,0.0,0.0,40.217392,2.0,55.71847507331378,568.0,231514.45,2.0,314.0,33.313782991202345,15.0,,2.0,8289.0,1450.0,10319.0,0.0,,914928.0,,2.0,2.0,0.0,,,,1.0,0.0,1.0,0.0,5844432169364627517,br_89,mp_donetsk2,1547.0,151,41,Verdansk
socom1880,17,False,True,False,False,True,True,True,1.0,0.3333333333333333,1000.0,1023.0,0.0,0.0,0.0,36.95652,1.0,58.65102639296188,287.0,178535.9,3.0,549.0,16.832844574780058,0.0,1.0,,8289.0,1500.0,10139.0,0.0,,914928.0,,1.0,2.0,0.0,,,,2.0,0.0,3.0,0.0,5844432169364627517,br_89,mp_donetsk2,1547.0,151,41,Verdansk
MarkMadness,2,False,False,False,True,True,True,True,5.0,1.6666666666666667,5975.0,1683.0,1.0,0.0,0.0,87.638985,3.0,213.01247771836006,1554.0,604740.3,3.0,815.0,55.401069518716575,20.0,1.0,3.0,13206.0,12815.0,28498.0,0.0,,1545600.0,,1.0,6.0,0.0,,3.0,1.0,1.0,1.0,7.0,0.0,7163545025192443037,br_89,mp_donetsk2,1591.0,152,39,Verdansk
Arturias13,2,False,False,False,True,True,True,True,2.0,1.0,5725.0,1681.0,0.0,0.0,0.0,86.98496,1.0,204.3426531826294,1029.0,628173.94,2.0,688.0,36.72813801308745,,,,,,,,,,,,,,,,,,,,,7163545025192443037,br_89,mp_donetsk2,1591.0,152,39,Verdansk
clayschubiner,2,False,False,False,True,True,True,True,6.0,2.0,10600.0,1682.0,0.0,0.0,0.0,91.23611,4.0,378.12128418549344,2228.0,514121.78,3.0,816.0,79.47681331747918,65.0,2.0,2.0,13206.0,17440.0,33516.0,0.0,,1545600.0,1.0,,6.0,0.0,1.0,7.0,1.0,2.0,0.0,2.0,0.0,7163545025192443037,br_89,mp_donetsk2,1591.0,152,39,Verdansk
socom1880,2,False,False,False,True,True,True,True,3.0,3.0,6850.0,1682.0,0.0,0.0,0.0,86.98496,3.0,244.35196195005946,1298.0,582777.5,1.0,510.0,46.30202140309156,10.0,1.0,2.0,13206.0,13690.0,28340.0,0.0,,1545600.0,,2.0,6.0,0.0,,6.0,,0.0,0.0,3.0,0.0,7163545025192443037,br_89,mp_donetsk2,1591.0,152,39,Verdansk
MarkMadness,5,False,False,False,True,True,True,True,2.0,1.0,5375.0,1339.0,0.0,0.0,0.0,99.120705,2.0,240.85138162808067,402.0,607667.6,2.0,342.0,18.0134428678118,10.0,,1.0,11318.0,9825.0,22322.0,0.0,,1255488.0,1.0,,5.0,0.0,,3.0,,0.0,1.0,2.0,0.0,10707400110089136387,br_89,mp_donetsk2,1550.0,153,39,Verdansk
Arturias13,5,False,False,False,True,True,True,True,0.0,0.0,1800.0,1339.0,0.0,0.0,0.0,63.54916,0.0,80.6572068707991,62.0,498183.44,2.0,447.0,2.7781926811053026,,,,,,,,,,,,,,,,,,,,,10707400110089136387,br_89,mp_donetsk2,1550.0,153,39,Verdansk
clayschubiner,5,False,False,False,True,True,True,True,1.0,0.5,1950.0,1340.0,0.0,0.0,0.0,60.751404,1.0,87.3134328358209,106.0,418539.34,2.0,426.0,4.746268656716418,0.0,,,11318.0,6400.0,17968.0,0.0,,1255488.0,,,5.0,0.0,,1.0,,0.0,1.0,2.0,0.0,10707400110089136387,br_89,mp_donetsk2,1550.0,153,39,Verdansk
socom1880,5,False,False,False,True,True,True,True,1.0,0.5,3500.0,1339.0,0.0,0.0,0.0,65.14788,1.0,156.8334578043316,758.0,493181.75,2.0,354.0,33.96564600448096,0.0,,1.0,11318.0,7950.0,19688.0,0.0,,1255488.0,,2.0,5.0,0.0,,3.0,,1.0,0.0,4.0,0.0,10707400110089136387,br_89,mp_donetsk2,1550.0,153,39,Verdansk
clayschubiner,4,True,False,False,False,True,False,True,1.0,0.3333333333333333,4725.0,1514.0,0.0,0.0,0.0,90.58989,1.0,187.25231175693528,518.0,584286.5,3.0,847.0,20.528401585204755,15.0,,1.0,12106.0,7925.0,20686.0,0.0,,1431984.0,,,5.0,0.0,,3.0,,1.0,1.0,2.0,0.0,17728352526687718588,br_25,mp_donetsk2,1604.0,148,50,Verdansk
killacure24,4,True,False,False,False,True,False,True,9.0,9.0,7150.0,1513.0,1.0,0.0,0.0,97.612366,7.0,283.5426305353602,3203.0,515486.75,1.0,576.0,127.01916721744878,290.0,2.0,5.0,12106.0,10550.0,26410.0,0.0,,1431984.0,,8.0,5.0,0.0,,4.0,,0.0,0.0,6.0,0.0,17728352526687718588,br_25,mp_donetsk2,1604.0,148,50,Verdansk
socom1880,4,True,False,False,False,True,False,True,3.0,1.0,3950.0,1514.0,0.0,0.0,0.0,79.70506,2.0,156.53896961690884,1314.0,571103.4,3.0,926.0,52.07397622192866,40.0,,2.0,12106.0,7350.0,20746.0,0.0,,1431984.0,,3.0,5.0,0.0,,1.0,,1.0,1.0,4.0,0.0,17728352526687718588,br_25,mp_donetsk2,1604.0,148,50,Verdansk
clayschubiner,15,True,False,False,False,True,False,True,1.0,0.25,1075.0,1014.0,0.0,0.0,0.0,80.645164,1.0,63.6094674556213,260.0,478282.66,4.0,1130.0,15.384615384615385,15.0,,1.0,8866.0,6425.0,15666.0,0.0,,935904.0,,1.0,5.0,0.0,1.0,,,3.0,0.0,2.0,0.0,9289213665619119591,br_25,mp_donetsk2,1566.0,147,50,Verdansk
killacure24,15,True,False,False,False,True,False,True,3.0,1.5,7650.0,1013.0,0.0,0.0,0.0,91.935486,3.0,453.1095755182626,1277.0,427335.88,2.0,361.0,75.63672260612044,0.0,1.0,2.0,8866.0,13150.0,23246.0,0.0,,935904.0,,4.0,5.0,0.0,1.0,4.0,,1.0,0.0,8.0,0.0,9289213665619119591,br_25,mp_donetsk2,1566.0,147,50,Verdansk
socom1880,15,True,False,False,False,True,False,True,1.0,0.3333333333333333,4950.0,1013.0,0.0,0.0,0.0,94.62366,1.0,293.18854886475816,1122.0,609450.1,3.0,1000.0,66.45607107601185,10.0,,,8866.0,10300.0,19540.0,0.0,,935904.0,,,5.0,0.0,,2.0,,1.0,1.0,12.0,0.0,9289213665619119591,br_25,mp_donetsk2,1566.0,147,50,Verdansk
clayschubiner,36,True,False,False,False,True,False,True,1.0,0.5,1325.0,541.0,0.0,0.0,0.0,94.82758,2.0,146.95009242144178,717.0,388150.88,2.0,232.0,79.51940850277263,10.0,1.0,1.0,3965.0,3425.0,7985.0,0.0,,460080.0,,1.0,3.0,0.0,1.0,,,1.0,0.0,,0.0,3965169688839608872,br_25,mp_donetsk2,1595.0,147,50,Verdansk
killacure24,36,True,False,False,False,True,False,True,2.0,1.0,875.0,541.0,0.0,0.0,0.0,89.43965,1.0,97.04251386321627,667.0,362680.88,2.0,410.0,73.97412199630314,20.0,,1.0,3965.0,3175.0,7905.0,0.0,,460080.0,,1.0,3.0,0.0,,,,0.0,1.0,,0.0,3965169688839608872,br_25,mp_donetsk2,1595.0,147,50,Verdansk
socom1880,36,True,False,False,False,True,False,True,2.0,1.0,925.0,541.0,0.0,0.0,0.0,92.67242,1.0,102.58780036968577,755.0,355554.53,2.0,439.0,83.73382624768945,15.0,,1.0,3965.0,3025.0,7295.0,0.0,,460080.0,,3.0,3.0,0.0,,,,1.0,0.0,2.0,0.0,3965169688839608872,br_25,mp_donetsk2,1595.0,147,50,Verdansk
clayschubiner,33,False,False,False,False,True,False,True,1.0,0.5,475.0,610.0,0.0,0.0,0.0,85.38899,1.0,46.721311475409834,239.0,412794.62,2.0,534.0,23.508196721311478,0.0,,,4677.0,1675.0,6627.0,0.0,,531072.0,,,2.0,0.0,,,,0.0,1.0,,0.0,2445516691496395880,br_25,mp_donetsk2,1599.0,153,51,Verdansk
bsveum,33,False,False,False,False,True,False,True,0.0,0.0,1450.0,609.0,0.0,0.0,0.0,83.49146,0.0,142.85714285714286,245.0,312360.22,2.0,515.0,24.137931034482758,,,,,,,,,,,,,,,,,,,,,2445516691496395880,br_25,mp_donetsk2,1599.0,153,51,Verdansk
socom1880,33,False,False,False,False,True,False,True,1.0,0.5,3250.0,609.0,0.0,0.0,0.0,89.18406,2.0,320.1970443349754,515.0,309641.94,2.0,172.0,50.73891625615764,0.0,,2.0,4677.0,4450.0,9777.0,0.0,,531072.0,,2.0,2.0,0.0,1.0,1.0,,1.0,0.0,2.0,0.0,2445516691496395880,br_25,mp_donetsk2,1599.0,153,51,Verdansk
clayschubiner,47,False,False,False,False,True,False,True,1.0,0.5,425.0,326.0,0.0,0.0,0.0,79.26829,1.0,78.22085889570552,0.0,235518.69,2.0,200.0,0.0,10.0,,1.0,1689.0,525.0,2609.0,0.0,,248112.0,,1.0,1.0,0.0,,,,1.0,0.0,,0.0,3543507949438576829,br_25,mp_donetsk2,1571.0,150,51,Verdansk
bsveum,47,False,False,False,False,True,False,True,1.0,0.5,350.0,325.0,0.0,0.0,0.0,89.43089,1.0,64.61538461538461,100.0,244567.14,2.0,385.0,18.46153846153846,,,,,,,,,,,,,,,,,,,,,3543507949438576829,br_25,mp_donetsk2,1571.0,150,51,Verdansk
socom1880,47,False,False,False,False,True,False,True,1.0,0.5,350.0,326.0,0.0,0.0,0.0,95.52845,1.0,64.41717791411043,312.0,243023.61,2.0,448.0,57.42331288343558,20.0,,,1689.0,550.0,2729.0,0.0,,248112.0,,,1.0,0.0,,,,0.0,1.0,,0.0,3543507949438576829,br_25,mp_donetsk2,1571.0,150,51,Verdansk
clayschubiner,24,False,False,False,False,True,False,True,1.0,0.5,825.0,834.0,0.0,0.0,0.0,95.65807,1.0,59.352517985611506,856.0,387072.28,2.0,482.0,61.58273381294964,20.0,,1.0,6786.0,3125.0,10536.0,0.0,,737088.0,,1.0,3.0,0.0,,,,1.0,0.0,2.0,0.0,7823562507895329257,br_25,mp_donetsk2,1590.0,153,50,Verdansk
bsveum,24,False,False,False,False,True,False,True,2.0,1.0,8225.0,834.0,0.0,0.0,0.0,86.16011,2.0,591.726618705036,472.0,378125.75,2.0,488.0,33.9568345323741,,,,,,,,,,,,,,,,,,,,,7823562507895329257,br_25,mp_donetsk2,1590.0,153,50,Verdansk
socom1880,24,False,False,False,False,True,False,True,3.0,1.5,2225.0,833.0,1.0,0.0,0.0,88.19539,4.0,160.2641056422569,1177.0,387486.4,2.0,342.0,84.77791116446579,20.0,1.0,3.0,6786.0,4325.0,12454.0,0.0,,737088.0,,3.0,3.0,0.0,,,,1.0,0.0,5.0,0.0,7823562507895329257,br_25,mp_donetsk2,1590.0,153,50,Verdansk
MarkMadness,2,True,False,False,True,True,False,True,3.0,1.5,9050.0,1683.0,0.0,0.0,0.0,90.99741,3.0,322.6381461675579,1039.0,565209.94,2.0,601.0,37.040998217468804,20.0,,2.0,13265.0,16090.0,31477.0,0.0,,1560912.0,,,7.0,0.0,3.0,7.0,,0.0,1.0,9.0,0.0,8280459403897869224,br_89,mp_donetsk2,1615.0,152,41,Verdansk
clayschubiner,2,True,False,False,True,True,False,True,1.0,0.3333333333333333,5650.0,1672.0,0.0,0.0,0.0,94.55959,1.0,202.7511961722488,1190.0,586608.75,3.0,1119.0,42.70334928229665,10.0,,2.0,13265.0,12690.0,27139.0,0.0,,1560912.0,,1.0,7.0,0.0,1.0,4.0,,2.0,0.0,7.0,0.0,8280459403897869224,br_89,mp_donetsk2,1615.0,152,41,Verdansk
killacure24,2,True,False,False,True,True,False,True,0.0,0.0,5325.0,1683.0,0.0,0.0,0.0,85.35784,0.0,189.83957219251337,487.0,544772.9,3.0,650.0,17.36185383244207,30.0,,,13265.0,12565.0,26125.0,0.0,,1560912.0,,,7.0,0.0,,3.0,,2.0,0.0,6.0,0.0,8280459403897869224,br_89,mp_donetsk2,1615.0,152,41,Verdansk
socom1880,2,True,False,False,True,True,False,True,2.0,2.0,9950.0,1683.0,0.0,0.0,0.0,97.15026,1.0,354.7237076648841,1215.0,550612.56,1.0,464.0,43.31550802139037,10.0,1.0,,13265.0,16990.0,31363.0,0.0,,1560912.0,,1.0,7.0,0.0,4.0,6.0,1.0,0.0,0.0,16.0,0.0,8280459403897869224,br_89,mp_donetsk2,1615.0,152,41,Verdansk
Arturias13,44,True,False,False,False,False,True,True,1.0,0.5,50.0,277.0,0.0,0.0,0.0,82.90156,0.0,10.830324909747294,317.0,258726.4,2.0,212.0,68.66425992779784,,,,,,,,,,,,,,,,,,,,,13940850041304441632,br_25,mp_donetsk2,1569.0,145,49,Verdansk
clayschubiner,44,True,False,False,False,False,True,True,1.0,1.0,250.0,277.0,1.0,0.0,0.0,75.12954,1.0,54.15162454873646,139.0,307819.53,1.0,131.0,30.108303249097474,20.0,,,1643.0,350.0,2383.0,0.0,,199200.0,,,,0.0,,,,0.0,1.0,,0.0,13940850041304441632,br_25,mp_donetsk2,1569.0,145,49,Verdansk
killacure24,44,True,False,False,False,False,True,True,1.0,0.5,325.0,277.0,0.0,0.0,0.0,90.67358,1.0,70.3971119133574,346.0,241963.25,2.0,204.0,74.94584837545128,55.0,,1.0,1642.0,625.0,2952.0,0.0,,199200.0,,1.0,,0.0,,,,1.0,0.0,,0.0,13940850041304441632,br_25,mp_donetsk2,1569.0,145,49,Verdansk
Arturias13,1,True,False,False,False,True,True,True,5.0,5.0,7525.0,1719.0,0.0,0.0,0.0,92.43697,4.0,262.65270506108203,1091.0,480905.97,0.0,38.0,38.08027923211169,,,,,,,,,,,,,,,,,,,,,3840363277712009967,br_89,mp_donetsk2,1618.0,152,40,Verdansk
clayschubiner,1,True,False,False,False,True,True,True,1.0,0.5,4225.0,1720.0,1.0,0.0,0.0,85.32644,1.0,147.38372093023256,544.0,439469.16,2.0,389.0,18.97674418604651,10.0,,1.0,13464.0,8175.0,22470.0,0.0,,1618000.0,,,4.0,0.0,1.0,3.0,,2.0,0.0,5.0,0.0,3840363277712009967,br_89,mp_donetsk2,1618.0,152,40,Verdansk
killacure24,1,True,False,False,False,True,True,True,6.0,6.0,11525.0,1720.0,2.0,0.0,0.0,95.34583,7.0,402.0348837209302,2577.0,455533.2,0.0,110.0,89.8953488372093,320.0,3.0,5.0,13464.0,15475.0,34328.0,0.0,,1618000.0,1.0,,4.0,0.0,,7.0,3.0,0.0,0.0,5.0,0.0,3840363277712009967,br_89,mp_donetsk2,1618.0,152,40,Verdansk
socom1880,1,True,False,False,False,True,True,True,2.0,2.0,4850.0,1719.0,1.0,0.0,0.0,95.34583,3.0,169.28446771378708,767.0,459991.53,0.0,52.0,26.771378708551484,40.0,1.0,2.0,13464.0,8800.0,24206.0,0.0,,1618000.0,,,4.0,0.0,,3.0,,0.0,0.0,8.0,0.0,3840363277712009967,br_89,mp_donetsk2,1618.0,152,40,Verdansk
clayschubiner,2,True,False,False,False,True,False,True,0.0,0.0,2200.0,1657.0,0.0,0.0,0.0,61.096436,0.0,79.66203983101991,33.0,423986.7,3.0,805.0,1.1949305974652986,0.0,,,13072.0,6150.0,19222.0,0.0,,1531056.0,,,5.0,0.0,,2.0,,2.0,0.0,3.0,0.0,13513341937114447407,br_25,mp_donetsk2,1577.0,150,50,Verdansk
killacure24,2,True,False,False,False,True,False,True,2.0,1.0,8325.0,1657.0,0.0,0.0,0.0,86.85601,1.0,301.4484007242004,723.0,563851.3,2.0,546.0,26.179843089921544,75.0,,1.0,13072.0,12700.0,27116.0,0.0,,1531056.0,,2.0,5.0,0.0,2.0,5.0,,0.0,1.0,10.0,0.0,13513341937114447407,br_25,mp_donetsk2,1577.0,150,50,Verdansk
socom1880,2,True,False,False,False,True,False,True,0.0,0.0,3225.0,1657.0,0.0,0.0,0.0,63.077946,0.0,116.77730838865419,380.0,427964.1,3.0,807.0,13.75980687990344,0.0,,,13072.0,7175.0,20272.0,0.0,,1531056.0,,,5.0,0.0,,3.0,,2.0,0.0,4.0,0.0,13513341937114447407,br_25,mp_donetsk2,1577.0,150,50,Verdansk
clayschubiner,3,True,False,False,False,True,False,True,4.0,1.3333333333333333,2575.0,1716.0,0.0,0.0,0.0,89.83376,3.0,90.03496503496503,1275.0,473420.25,3.0,1278.0,44.58041958041958,35.0,1.0,1.0,12800.0,4975.0,18856.0,0.0,,1572816.0,,2.0,3.0,0.0,1.0,1.0,,1.0,1.0,,0.0,3209059934295422856,br_25,mp_donetsk2,1626.0,149,50,Verdansk
killacure24,3,True,False,False,False,True,False,True,9.0,9.0,10050.0,1716.0,3.0,0.0,0.0,95.588234,11.0,351.3986013986014,4271.0,426729.44,1.0,835.0,149.33566433566432,810.0,3.0,8.0,12800.0,12450.0,33468.0,0.0,,1572816.0,,4.0,3.0,0.0,2.0,5.0,1.0,0.0,0.0,6.0,0.0,3209059934295422856,br_25,mp_donetsk2,1626.0,149,50,Verdansk
socom1880,3,True,False,False,False,True,False,True,6.0,6.0,8600.0,1716.0,0.0,0.0,0.0,72.25064,5.0,300.6993006993007,1231.0,448984.3,1.0,603.0,43.04195804195804,260.0,1.0,4.0,12800.0,11000.0,27070.0,0.0,,1572816.0,,2.0,3.0,0.0,2.0,5.0,,0.0,0.0,7.0,0.0,3209059934295422856,br_25,mp_donetsk2,1626.0,149,50,Verdansk
clayschubiner,33,False,False,False,False,False,False,True,1.0,0.16666666666666666,275.0,900.0,1.0,0.0,0.0,48.288506,1.0,18.333333333333336,811.0,326796.94,6.0,695.0,54.06666666666667,20.0,,1.0,0.0,275.0,590.0,0.0,,,,,,0.0,,,,,,,0.0,17877374175104849523,br_dmz_76,mp_donetsk2,1154.0,94,39,Verdansk
clayschubiner,22,False,False,False,False,False,False,True,0.0,0.0,0.0,271.0,0.0,0.0,0.0,47.61905,0.0,0.0,0.0,333003.5,1.0,100.0,0.0,0.0,,,0.0,0.0,0.0,0.0,,,,,,0.0,,,,,,,0.0,8048006777074409871,br_dmz_76,mp_donetsk2,1636.0,98,40,Verdansk
Giblert00,29,False,False,False,False,False,False,True,0.0,0.0,200.0,387.0,0.0,0.0,0.0,90.038315,0.0,31.007751937984494,0.0,210107.19,0.0,0.0,0.0,,,,,,,,,,,,,,,,,,,,,4318737548926805779,br_dmz_76,mp_donetsk2,1154.0,94,33,Verdansk
weeb_katana6,29,False,False,False,False,False,False,True,0.0,0.0,300.0,419.0,0.0,0.0,0.0,88.7372,0.0,42.95942720763723,0.0,190715.84,0.0,0.0,0.0,,,,,,,,,,,,,,,,,,,,,4318737548926805779,br_dmz_76,mp_donetsk2,1154.0,94,33,Verdansk
clayschubiner,29,False,False,False,False,False,False,True,2.0,1.0,550.0,1200.0,1.0,0.0,0.0,28.659613,2.0,27.5,722.0,190292.84,2.0,256.0,36.1,270.0,,2.0,11854.0,550.0,25348.0,0.0,,,,,,0.0,,,,,,,0.0,4318737548926805779,br_dmz_76,mp_donetsk2,1154.0,94,33,Verdansk
clayschubiner,2,False,False,False,False,True,False,True,5.0,2.5,5725.0,1691.0,1.0,0.0,0.0,86.17364,4.0,203.13424009461855,1211.0,542664.8,2.0,608.0,42.96865759905381,50.0,2.0,3.0,13086.0,10275.0,26396.0,0.0,,1571904.0,1.0,,4.0,0.0,,2.0,,0.0,1.0,5.0,0.0,6299715031471395936,br_25,mp_donetsk2,1617.0,149,51,Verdansk
bsveum,2,False,False,False,False,True,False,True,4.0,4.0,10525.0,1691.0,0.0,0.0,0.0,94.8553,3.0,373.44766410408045,1867.0,458088.12,1.0,590.0,66.2448255470136,,,,,,,,,,,,,,,,,,,,,6299715031471395936,br_25,mp_donetsk2,1617.0,149,51,Verdansk
socom1880,2,False,False,False,False,True,False,True,6.0,2.0,6450.0,1690.0,2.0,0.0,0.0,84.56591,7.0,228.9940828402367,2794.0,467965.72,3.0,1695.0,99.19526627218934,315.0,,7.0,13086.0,11000.0,29819.0,0.0,,1571904.0,3.0,2.0,4.0,0.0,1.0,2.0,2.0,3.0,0.0,9.0,0.0,6299715031471395936,br_25,mp_donetsk2,1617.0,149,51,Verdansk
clayschubiner,49,False,False,False,False,True,False,True,0.0,0.0,200.0,237.0,0.0,0.0,0.0,92.46575,0.0,50.63291139240506,0.0,302128.16,1.0,400.0,0.0,20.0,,,879.0,300.0,1319.0,0.0,,152112.0,,,1.0,0.0,,,,0.0,0.0,1.0,0.0,11667729583751187350,br_25,mp_donetsk2,1630.0,150,50,Verdansk
bsveum,49,False,False,False,False,True,False,True,0.0,0.0,100.0,237.0,0.0,0.0,0.0,99.31506,0.0,25.31645569620253,0.0,323766.56,0.0,0.0,0.0,,,,,,,,,,,,,,,,,,,,,11667729583751187350,br_25,mp_donetsk2,1630.0,150,50,Verdansk
socom1880,49,False,False,False,False,True,False,True,0.0,0.0,200.0,236.0,0.0,0.0,0.0,99.31506,0.0,50.847457627118644,0.0,289571.84,0.0,0.0,0.0,0.0,,,879.0,200.0,1079.0,0.0,,152112.0,,,1.0,0.0,,,,0.0,0.0,1.0,0.0,11667729583751187350,br_25,mp_donetsk2,1630.0,150,50,Verdansk
Arturias13,2,True,False,False,False,True,True,True,4.0,1.3333333333333333,4975.0,1716.0,0.0,0.0,0.0,77.728424,2.0,173.95104895104893,1866.0,516995.8,3.0,905.0,65.24475524475524,,,,,,,,,,,,,,,,,,,,,10786403223363711706,br_89,mp_donetsk2,1648.0,151,39,Verdansk
clayschubiner,2,True,False,False,False,True,True,True,0.0,0.0,3050.0,1717.0,0.0,0.0,0.0,59.32741,0.0,106.58124635993012,122.0,436261.7,2.0,450.0,4.263249854397205,0.0,,,13203.0,7060.0,20313.0,0.0,,1593408.0,,,5.0,0.0,1.0,2.0,,0.0,1.0,4.0,0.0,10786403223363711706,br_89,mp_donetsk2,1648.0,151,39,Verdansk
killacure24,2,True,False,False,False,True,True,True,1.0,0.5,2050.0,1716.0,0.0,0.0,0.0,59.961926,1.0,71.67832167832168,256.0,507860.47,2.0,512.0,8.95104895104895,0.0,,,13203.0,6060.0,19513.0,0.0,,1593408.0,,,5.0,0.0,,1.0,,0.0,1.0,3.0,0.0,10786403223363711706,br_89,mp_donetsk2,1648.0,151,39,Verdansk
socom1880,2,True,False,False,False,True,True,True,10.0,5.0,9375.0,1717.0,1.0,0.0,0.0,97.081215,9.0,327.6062900407688,3130.0,515936.7,2.0,326.0,109.37682003494467,300.0,2.0,7.0,13203.0,13385.0,33575.0,0.0,,1593408.0,,2.0,5.0,0.0,1.0,3.0,4.0,0.0,1.0,8.0,0.0,10786403223363711706,br_89,mp_donetsk2,1648.0,151,39,Verdansk
Arturias13,35,True,False,False,False,True,True,True,0.0,0.0,0.0,298.0,0.0,0.0,0.0,59.63303,0.0,0.0,80.0,173250.64,2.0,424.0,16.10738255033557,,,,,,,,,,,,,,,,,,,,,4660469536386887874,br_89,mp_donetsk2,1594.0,149,39,Verdansk
clayschubiner,35,True,False,False,False,True,True,True,1.0,0.5,250.0,298.0,1.0,0.0,0.0,91.743126,1.0,50.33557046979866,220.0,199340.55,2.0,511.0,44.29530201342282,20.0,,,1607.0,250.0,2147.0,0.0,,219264.0,,,,0.0,,,,0.0,1.0,,0.0,4660469536386887874,br_89,mp_donetsk2,1594.0,149,39,Verdansk
killacure24,35,True,False,False,False,True,True,True,1.0,0.5,400.0,298.0,0.0,0.0,0.0,98.623856,1.0,80.53691275167786,549.0,175594.06,2.0,313.0,110.53691275167785,0.0,,,1607.0,800.0,3057.0,0.0,,219264.0,,1.0,,0.0,,,,0.0,1.0,1.0,0.0,4660469536386887874,br_89,mp_donetsk2,1594.0,149,39,Verdansk
socom1880,35,True,False,False,False,True,True,True,0.0,0.0,100.0,297.0,0.0,0.0,0.0,68.80734,0.0,20.202020202020204,251.0,215550.98,2.0,364.0,50.707070707070706,0.0,,,1607.0,100.0,1707.0,0.0,,219264.0,,,,0.0,,,,1.0,0.0,1.0,0.0,4660469536386887874,br_89,mp_donetsk2,1594.0,149,39,Verdansk
Arturias13,14,True,False,False,False,False,True,True,2.0,1.0,4175.0,1121.0,2.0,0.0,0.0,95.375725,3.0,223.46119536128458,974.0,416938.6,2.0,268.0,52.132024977698485,,,,,,,,,,,,,,,,,,,,,4263725186990880893,br_25,mp_donetsk2,1609.0,149,50,Verdansk
clayschubiner,14,True,False,False,False,False,True,True,0.0,0.0,3600.0,1122.0,0.0,0.0,0.0,83.33333,0.0,192.5133689839572,142.0,279180.2,2.0,431.0,7.593582887700535,10.0,,,9280.0,4900.0,14300.0,0.0,,1042080.0,,,3.0,0.0,,3.0,,1.0,0.0,1.0,0.0,4263725186990880893,br_25,mp_donetsk2,1609.0,149,50,Verdansk
killacure24,14,True,False,False,False,False,True,True,0.0,0.0,3200.0,1122.0,0.0,0.0,0.0,79.961464,0.0,171.12299465240642,331.0,317377.66,2.0,300.0,17.70053475935829,0.0,,,9280.0,4500.0,13880.0,0.0,,1042080.0,,,3.0,0.0,,3.0,,1.0,0.0,6.0,0.0,4263725186990880893,br_25,mp_donetsk2,1609.0,149,50,Verdansk
MarkMadness,2,False,False,False,True,False,True,True,2.0,1.0,2350.0,1684.0,0.0,0.0,0.0,88.27279,1.0,83.729216152019,1492.0,466058.6,2.0,728.0,53.15914489311164,10.0,,,13287.0,7700.0,21379.0,0.0,,1586256.0,,1.0,5.0,0.0,1.0,1.0,,0.0,1.0,4.0,0.0,13576501874567110983,br_25,mp_donetsk2,1632.0,150,50,Verdansk
Arturias13,2,False,False,False,True,False,True,True,5.0,2.5,7225.0,1684.0,1.0,0.0,0.0,92.73423,4.0,257.42280285035633,2334.0,459942.06,2.0,505.0,83.15914489311164,,,,,,,,,,,,,,,,,,,,,13576501874567110983,br_25,mp_donetsk2,1632.0,150,50,Verdansk
clayschubiner,2,False,False,False,True,False,True,True,5.0,1.6666666666666667,4350.0,1685.0,1.0,0.0,0.0,71.06438,2.0,154.89614243323442,1158.0,365245.8,3.0,752.0,41.23442136498517,40.0,1.0,4.0,13287.0,9700.0,25061.0,0.0,,1586256.0,,2.0,5.0,0.0,1.0,1.0,2.0,1.0,1.0,2.0,0.0,13576501874567110983,br_25,mp_donetsk2,1632.0,150,50,Verdansk
MarkMadness,9,False,False,False,True,False,True,True,1.0,0.5,4000.0,1322.0,0.0,0.0,0.0,69.63563,0.0,181.5431164901664,158.0,384930.78,2.0,324.0,7.170953101361573,0.0,,,10886.0,6920.0,17806.0,0.0,,1230720.0,,,5.0,0.0,,2.0,,1.0,0.0,4.0,0.0,9764852758906203144,br_25,mp_donetsk2,1628.0,150,51,Verdansk
Arturias13,9,False,False,False,True,False,True,True,5.0,2.5,7475.0,1322.0,2.0,0.0,0.0,96.76113,4.0,339.25869894099844,2541.0,464930.8,2.0,511.0,115.32526475037821,,,,,,,,,,,,,,,,,,,,,9764852758906203144,br_25,mp_donetsk2,1628.0,150,51,Verdansk
clayschubiner,9,False,False,False,True,False,True,True,0.0,0.0,1600.0,1323.0,0.0,0.0,0.0,76.51822,0.0,72.56235827664399,322.0,421090.88,4.0,610.0,14.603174603174603,10.0,,,10886.0,4520.0,15426.0,0.0,,1230720.0,,,5.0,0.0,,1.0,,3.0,0.0,2.0,0.0,9764852758906203144,br_25,mp_donetsk2,1628.0,150,51,Verdansk
MarkMadness,4,False,False,False,True,False,True,True,6.0,2.0,7575.0,1578.0,1.0,0.0,0.0,93.35124,8.0,288.0228136882129,3306.0,300830.38,3.0,993.0,125.70342205323193,335.0,3.0,6.0,12764.0,11725.0,30297.0,0.0,,1489344.0,2.0,3.0,4.0,0.0,,3.0,,2.0,0.0,2.0,0.0,12895328965133977189,br_25,mp_donetsk2,1632.0,150,51,Verdansk
Arturias13,4,False,False,False,True,False,True,True,10.0,10.0,11900.0,1578.0,4.0,0.0,0.0,90.66488,10.0,452.4714828897338,2363.0,389168.75,1.0,349.0,89.84790874524714,,,,,,,,,,,,,,,,,,,,,12895328965133977189,br_25,mp_donetsk2,1632.0,150,51,Verdansk
clayschubiner,4,False,False,False,True,False,True,True,2.0,2.0,4425.0,1579.0,0.0,0.0,0.0,91.33647,2.0,168.1443951868271,1083.0,395004.1,1.0,550.0,41.15262824572514,0.0,,1.0,12764.0,8375.0,21954.0,0.0,,1489344.0,,1.0,4.0,0.0,1.0,3.0,,0.0,0.0,1.0,0.0,12895328965133977189,br_25,mp_donetsk2,1632.0,150,51,Verdansk
Chieffelix47,14,True,True,False,False,True,False,True,2.0,0.6666666666666666,3225.0,1054.0,0.0,0.0,0.0,91.57128,2.0,183.5863377609108,1256.0,323676.56,3.0,602.0,71.49905123339659,30.0,,3.0,8687.0,7550.0,17677.0,0.0,,968448.0,,2.0,4.0,0.0,,1.0,,2.0,0.0,8.0,0.0,10988298320396011404,br_89,mp_donetsk2,1611.0,152,39,Verdansk
clayschubiner,14,True,True,False,False,True,False,True,0.0,0.0,2000.0,1055.0,0.0,0.0,0.0,57.752342,0.0,113.74407582938389,549.0,331472.53,3.0,539.0,31.22274881516588,0.0,,,8687.0,6300.0,14987.0,0.0,,968448.0,,,4.0,0.0,,1.0,,2.0,0.0,2.0,0.0,10988298320396011404,br_89,mp_donetsk2,1611.0,152,39,Verdansk
killacure24,14,True,True,False,False,True,False,True,3.0,1.0,1550.0,1054.0,0.0,0.0,0.0,56.711758,1.0,88.23529411764707,637.0,325609.06,3.0,1468.0,36.2618595825427,35.0,,2.0,8687.0,6050.0,16049.0,0.0,,968448.0,,1.0,4.0,0.0,,,,1.0,1.0,2.0,0.0,10988298320396011404,br_89,mp_donetsk2,1611.0,152,39,Verdansk
socom1880,14,True,True,False,False,True,False,True,1.0,0.5,6450.0,1054.0,0.0,0.0,0.0,92.091576,1.0,367.1726755218216,201.0,320146.8,2.0,460.0,11.44212523719165,0.0,,,8687.0,10750.0,19687.0,0.0,,968448.0,,,4.0,0.0,,4.0,,0.0,1.0,9.0,0.0,10988298320396011404,br_89,mp_donetsk2,1611.0,152,39,Verdansk
Arturias13,2,False,False,False,False,True,True,True,2.0,2.0,5675.0,1705.0,1.0,0.0,0.0,76.14213,3.0,199.7067448680352,710.0,531825.75,1.0,370.0,24.98533724340176,,,,,,,,,,,,,,,,,,,,,4060958041118151744,br_25,mp_donetsk2,1638.0,150,52,Verdansk
clayschubiner,2,False,False,False,False,True,True,True,3.0,0.75,3350.0,1717.0,1.0,0.0,0.0,79.63198,2.0,117.06464764123471,953.0,563772.25,4.0,1249.0,33.30227140361095,30.0,1.0,3.0,13458.0,7800.0,22954.0,0.0,,1592832.0,,2.0,5.0,0.0,,1.0,1.0,3.0,0.0,1.0,0.0,4060958041118151744,br_25,mp_donetsk2,1638.0,150,52,Verdansk
socom1880,2,False,False,False,False,True,True,True,3.0,3.0,8125.0,1717.0,2.0,0.0,0.0,87.24619,4.0,283.9254513686663,2209.0,470746.7,1.0,347.0,77.19277810133954,60.0,1.0,3.0,13458.0,12575.0,28116.0,0.0,,1592832.0,1.0,3.0,5.0,0.0,,4.0,1.0,0.0,0.0,6.0,0.0,4060958041118151744,br_25,mp_donetsk2,1638.0,150,52,Verdansk
Arturias13,7,False,False,False,False,True,True,True,2.0,1.0,1500.0,1470.0,0.0,0.0,0.0,93.61393,1.0,61.224489795918366,658.0,775972.4,2.0,672.0,26.857142857142858,,,,,,,,,,,,,,,,,,,,,3503188219025969112,br_25,mp_donetsk2,1570.0,150,50,Verdansk
clayschubiner,7,False,False,False,False,True,True,True,1.0,0.5,3675.0,1470.0,0.0,0.0,0.0,90.711174,1.0,150.0,468.0,683272.5,2.0,622.0,19.102040816326532,10.0,,1.0,11727.0,9065.0,21759.0,0.0,,1372128.0,,,5.0,0.0,,2.0,,1.0,0.0,3.0,0.0,3503188219025969112,br_25,mp_donetsk2,1570.0,150,50,Verdansk
socom1880,7,False,False,False,False,True,True,True,6.0,3.0,8450.0,1470.0,0.0,0.0,0.0,89.62264,5.0,344.8979591836735,1483.0,604678.5,2.0,764.0,60.53061224489796,310.0,2.0,3.0,11727.0,13765.0,29665.0,0.0,,1372128.0,,,5.0,0.0,1.0,4.0,,0.0,1.0,9.0,0.0,3503188219025969112,br_25,mp_donetsk2,1570.0,150,50,Verdansk
Chieffelix47,10,False,True,False,False,True,True,True,3.0,1.5,2900.0,1132.0,1.0,0.0,0.0,96.94365,2.0,153.71024734982333,2227.0,415008.22,2.0,698.0,118.03886925795052,50.0,,2.0,9952.0,6060.0,17532.0,0.0,,1050576.0,,2.0,4.0,0.0,,1.0,,0.0,1.0,7.0,0.0,4603501361398602101,br_89,mp_donetsk2,1592.0,152,40,Verdansk
Arturias13,10,False,True,False,False,True,True,True,4.0,2.0,2775.0,1132.0,0.0,0.0,0.0,94.55588,3.0,147.08480565371025,1807.0,358829.88,2.0,394.0,95.77738515901059,,,,,,,,,,,,,,,,,,,,,4603501361398602101,br_89,mp_donetsk2,1592.0,152,40,Verdansk
clayschubiner,10,False,True,False,False,True,True,True,1.0,0.5,1575.0,1132.0,0.0,0.0,0.0,80.229225,1.0,83.48056537102472,512.0,342270.2,2.0,390.0,27.137809187279153,0.0,,1.0,9952.0,4335.0,14656.0,0.0,,1050576.0,,1.0,4.0,0.0,1.0,1.0,,1.0,0.0,1.0,0.0,4603501361398602101,br_89,mp_donetsk2,1592.0,152,40,Verdansk
socom1880,10,False,True,False,False,True,True,True,1.0,0.5,6125.0,1132.0,1.0,0.0,0.0,83.65201,2.0,324.64664310954066,196.0,368496.03,2.0,342.0,10.3886925795053,40.0,1.0,1.0,9952.0,9010.0,19886.0,0.0,,1050576.0,,1.0,4.0,0.0,1.0,3.0,,1.0,0.0,8.0,0.0,4603501361398602101,br_89,mp_donetsk2,1592.0,152,40,Verdansk
Chieffelix47,19,False,True,False,False,True,True,True,1.0,0.5,1550.0,787.0,1.0,0.0,0.0,99.01686,3.0,118.1702668360864,670.0,391653.7,2.0,305.0,51.08005082592122,60.0,1.0,2.0,6768.0,2350.0,10566.0,0.0,,718800.0,,1.0,3.0,0.0,,,,1.0,0.0,2.0,0.0,12484950052323678421,br_89,mp_donetsk2,1579.0,152,39,Verdansk
Arturias13,19,False,True,False,False,True,True,True,2.0,1.0,1500.0,787.0,0.0,0.0,0.0,91.994385,2.0,114.35832274459975,1240.0,396604.47,2.0,428.0,94.53621346886912,,,,,,,,,,,,,,,,,,,,,12484950052323678421,br_89,mp_donetsk2,1579.0,152,39,Verdansk
clayschubiner,19,False,True,False,False,True,True,True,2.0,1.0,575.0,796.0,0.0,0.0,0.0,91.994385,0.0,43.34170854271357,886.0,409479.3,2.0,498.0,66.78391959798995,0.0,,,6768.0,1075.0,7918.0,0.0,,718800.0,,2.0,3.0,0.0,,,,1.0,0.0,1.0,0.0,12484950052323678421,br_89,mp_donetsk2,1579.0,152,39,Verdansk
socom1880,19,False,True,False,False,True,True,True,3.0,1.5,4650.0,787.0,0.0,0.0,0.0,78.65169,3.0,354.5108005082592,1040.0,388678.22,2.0,328.0,79.28843710292249,,,,,,,,,,,,,,,,,,,,,12484950052323678421,br_89,mp_donetsk2,1579.0,152,39,Verdansk
MarkMadness,6,True,False,False,True,True,False,True,2.0,0.5,4100.0,1681.0,0.0,0.0,0.0,68.640205,2.0,146.34146341463415,582.0,499825.06,4.0,621.0,20.773349196906604,30.0,2.0,2.0,11805.0,9090.0,21771.0,0.0,,1477104.0,1.0,,5.0,0.0,1.0,2.0,1.0,3.0,0.0,3.0,0.0,9014451511591930943,br_89,mp_donetsk2,1608.0,151,38,Verdansk
clayschubiner,6,True,False,False,True,True,False,True,2.0,0.6666666666666666,3450.0,1682.0,0.0,0.0,0.0,73.84515,0.0,123.06777645659929,818.0,501759.2,3.0,697.0,29.179548156956002,0.0,,,11805.0,8240.0,20045.0,0.0,,1477104.0,1.0,2.0,5.0,0.0,,1.0,,2.0,0.0,6.0,0.0,9014451511591930943,br_89,mp_donetsk2,1608.0,151,38,Verdansk
killacure24,6,True,False,False,True,True,False,True,8.0,2.6666666666666665,7800.0,1682.0,0.0,0.0,0.0,67.98959,7.0,278.2401902497027,3970.0,469684.97,3.0,418.0,141.61712247324613,300.0,2.0,8.0,11805.0,12890.0,27612.0,0.0,,1477104.0,1.0,4.0,5.0,0.0,1.0,1.0,2.0,2.0,0.0,9.0,0.0,9014451511591930943,br_89,mp_donetsk2,1608.0,151,38,Verdansk
socom1880,6,True,False,False,True,True,False,True,6.0,3.0,9075.0,1682.0,2.0,0.0,0.0,85.23097,4.0,323.7217598097503,2844.0,546313.56,2.0,949.0,101.45065398335315,,,,,,,,,,,,,,,,,,,,,9014451511591930943,br_89,mp_donetsk2,1608.0,151,38,Verdansk
MarkMadness,15,True,False,False,True,True,False,True,2.0,1.0,5300.0,1041.0,0.0,0.0,0.0,73.60673,2.0,305.47550432276654,1379.0,381128.2,2.0,418.0,79.48126801152738,30.0,,2.0,8274.0,7500.0,15928.0,0.0,,959520.0,,4.0,5.0,0.0,1.0,3.0,,1.0,0.0,6.0,0.0,10681943416204121872,br_89,mp_donetsk2,1616.0,154,38,Verdansk
clayschubiner,15,True,False,False,True,True,False,True,1.0,0.5,1850.0,1042.0,0.0,0.0,0.0,97.791794,1.0,106.52591170825336,244.0,450737.72,2.0,491.0,14.049904030710172,0.0,,,8274.0,3950.0,12274.0,0.0,,959520.0,,,5.0,0.0,,2.0,,0.0,1.0,3.0,0.0,10681943416204121872,br_89,mp_donetsk2,1616.0,154,38,Verdansk
killacure24,15,True,False,False,True,True,False,True,1.0,0.5,800.0,1042.0,0.0,0.0,0.0,81.49317,1.0,46.06525911708253,315.0,464441.06,2.0,692.0,18.138195777351246,140.0,,,8274.0,3500.0,11976.0,0.0,,959520.0,,,5.0,0.0,1.0,,,0.0,1.0,,0.0,10681943416204121872,br_89,mp_donetsk2,1616.0,154,38,Verdansk
socom1880,15,True,False,False,True,True,False,True,0.0,0.0,975.0,1042.0,0.0,0.0,0.0,74.65826,0.0,56.14203454894434,184.0,363146.7,2.0,685.0,10.595009596928982,,,,,,,,,,,,,,,,,,,,,10681943416204121872,br_89,mp_donetsk2,1616.0,154,38,Verdansk
MarkMadness,19,True,False,False,True,True,False,True,1.0,0.3333333333333333,5275.0,903.0,0.0,0.0,0.0,73.58263,1.0,350.4983388704319,696.0,357263.6,3.0,300.0,46.245847176079735,0.0,,1.0,7358.0,9725.0,17138.0,0.0,,821616.0,,2.0,5.0,0.0,,5.0,,2.0,0.0,2.0,0.0,12618185840115506783,br_89,mp_donetsk2,1648.0,152,40,Verdansk
clayschubiner,19,True,False,False,True,True,False,True,2.0,1.0,1750.0,900.0,0.0,0.0,0.0,91.40436,1.0,116.66666666666667,489.0,528066.0,2.0,724.0,32.6,10.0,1.0,2.0,7358.0,6200.0,13689.0,0.0,,821616.0,,1.0,5.0,0.0,,,,0.0,1.0,2.0,0.0,12618185840115506783,br_89,mp_donetsk2,1648.0,152,40,Verdansk
killacure24,19,True,False,False,True,True,False,True,1.0,1.0,2950.0,833.0,0.0,0.0,0.0,93.544136,1.0,212.48499399759905,302.0,485525.1,1.0,353.0,21.752701080432175,0.0,,,6779.0,7400.0,14179.0,0.0,,821616.0,,,5.0,0.0,,2.0,,0.0,1.0,2.0,0.0,12618185840115506783,br_89,mp_donetsk2,1648.0,152,40,Verdansk
socom1880,19,True,False,False,True,True,False,True,0.0,0.0,600.0,898.0,0.0,0.0,0.0,66.14078,0.0,40.089086859688194,234.0,355584.8,3.0,690.0,15.634743875278396,,,,,,,,,,,,,,,,,,,,,12618185840115506783,br_89,mp_donetsk2,1648.0,152,40,Verdansk
MarkMadness,33,True,False,False,True,False,False,True,1.0,0.3333333333333333,3325.0,900.0,0.0,0.0,0.0,62.34414,1.0,221.66666666666669,795.0,252921.78,3.0,400.0,53.0,10.0,,1.0,6126.0,5525.0,11661.0,0.0,,791184.0,,1.0,3.0,0.0,,1.0,,2.0,0.0,6.0,0.0,795009876199975067,br_25,mp_donetsk2,1582.0,148,53,Verdansk
clayschubiner,33,True,False,False,True,False,False,True,0.0,0.0,800.0,900.0,0.0,0.0,0.0,81.67083,0.0,53.33333333333333,327.0,289158.28,2.0,631.0,21.8,10.0,,,6126.0,3000.0,9136.0,0.0,,791184.0,,,3.0,0.0,,,,0.0,1.0,5.0,0.0,795009876199975067,br_25,mp_donetsk2,1582.0,148,53,Verdansk
killacure24,33,True,False,False,True,False,False,True,4.0,2.0,3350.0,900.0,1.0,0.0,0.0,94.139656,2.0,223.33333333333334,1171.0,336476.84,2.0,384.0,78.06666666666666,10.0,1.0,2.0,6126.0,5450.0,11641.0,0.0,,791184.0,,3.0,3.0,0.0,1.0,1.0,,0.0,1.0,6.0,0.0,795009876199975067,br_25,mp_donetsk2,1582.0,148,53,Verdansk
MarkMadness,44,True,False,False,True,False,False,True,2.0,1.0,1150.0,412.0,0.0,0.0,0.0,96.38554,2.0,167.4757281553398,945.0,229346.12,2.0,264.0,137.62135922330097,10.0,,2.0,2602.0,1150.0,3762.0,0.0,,333600.0,,1.0,1.0,0.0,,,,0.0,1.0,2.0,0.0,369277889075546720,br_25,mp_donetsk2,1645.0,152,54,Verdansk
clayschubiner,44,True,False,False,True,False,False,True,0.0,0.0,100.0,413.0,0.0,0.0,0.0,42.168674,0.0,14.527845036319613,103.0,264667.72,2.0,202.0,14.9636803874092,0.0,,,2602.0,100.0,2702.0,0.0,,333600.0,,,1.0,0.0,,,,1.0,0.0,,0.0,369277889075546720,br_25,mp_donetsk2,1645.0,152,54,Verdansk
killacure24,44,True,False,False,True,False,False,True,2.0,1.0,875.0,413.0,0.0,0.0,0.0,66.465256,1.0,127.11864406779662,204.0,374210.22,2.0,325.0,29.636803874092006,0.0,,1.0,2602.0,875.0,3477.0,0.0,,333600.0,,1.0,1.0,0.0,,,,0.0,1.0,2.0,0.0,369277889075546720,br_25,mp_donetsk2,1645.0,152,54,Verdansk
MarkMadness,12,True,True,False,True,False,False,True,1.0,0.3333333333333333,775.0,1132.0,0.0,0.0,0.0,67.919075,1.0,41.07773851590106,1194.0,338311.2,3.0,866.0,63.28621908127208,80.0,,1.0,9150.0,2175.0,11405.0,0.0,,1038624.0,,1.0,4.0,0.0,1.0,,,1.0,1.0,,0.0,11900067139986385115,br_89,mp_donetsk2,1547.0,152,38,Verdansk
Chieffelix47,12,True,True,False,True,False,False,True,4.0,2.0,4375.0,1132.0,0.0,0.0,0.0,77.552986,4.0,231.8904593639576,1507.0,344173.7,2.0,408.0,79.87632508833921,60.0,1.0,3.0,9150.0,5575.0,14795.0,0.0,,1038624.0,,5.0,4.0,0.0,3.0,1.0,,1.0,0.0,2.0,0.0,11900067139986385115,br_89,mp_donetsk2,1547.0,152,38,Verdansk
clayschubiner,12,True,True,False,True,False,False,True,2.0,1.0,2675.0,1132.0,1.0,0.0,0.0,73.69942,2.0,141.78445229681978,1147.0,322635.34,2.0,1253.0,60.79505300353357,20.0,1.0,,9150.0,3675.0,12912.0,0.0,,1038624.0,,3.0,4.0,0.0,1.0,1.0,,0.0,1.0,,0.0,11900067139986385115,br_89,mp_donetsk2,1547.0,152,38,Verdansk
killacure24,12,True,True,False,True,False,False,True,5.0,2.5,3150.0,1132.0,1.0,0.0,0.0,94.89402,4.0,166.96113074204945,2486.0,452164.47,2.0,366.0,131.7667844522968,30.0,,4.0,9150.0,4150.0,13495.0,0.0,,1038624.0,,6.0,4.0,0.0,,1.0,,0.0,1.0,1.0,0.0,11900067139986385115,br_89,mp_donetsk2,1547.0,152,38,Verdansk
Chieffelix47,2,True,True,False,False,True,False,True,7.0,3.5,10575.0,1713.0,0.0,0.0,0.0,98.32366,4.0,370.4028021015762,1710.0,771977.44,2.0,517.0,59.89492119089317,0.0,5.0,3.0,13104.0,12475.0,26780.0,0.0,,1567872.0,,4.0,3.0,0.0,1.0,3.0,2.0,0.0,1.0,9.0,0.0,17863937193977781474,br_89,mp_donetsk2,1622.0,151,38,Verdansk
clayschubiner,2,True,True,False,False,True,False,True,3.0,1.5,4350.0,1714.0,0.0,0.0,0.0,96.38943,3.0,152.27537922987165,1193.0,768880.56,2.0,686.0,41.76196032672112,20.0,2.0,,13104.0,6250.0,20256.0,0.0,,1567872.0,,,3.0,0.0,,2.0,2.0,0.0,1.0,7.0,0.0,17863937193977781474,br_89,mp_donetsk2,1622.0,151,38,Verdansk
killacure24,2,True,True,False,False,True,False,True,5.0,2.5,6750.0,1713.0,1.0,0.0,0.0,88.33011,4.0,236.42732049036778,1560.0,708008.6,2.0,398.0,54.640980735551665,30.0,3.0,3.0,13104.0,8650.0,22489.0,0.0,,1567872.0,,3.0,3.0,0.0,1.0,2.0,,0.0,1.0,2.0,0.0,17863937193977781474,br_89,mp_donetsk2,1622.0,151,38,Verdansk
socom1880,2,True,True,False,False,True,False,True,2.0,0.5,4000.0,1714.0,2.0,0.0,0.0,82.84977,1.0,140.02333722287048,1212.0,613515.2,4.0,1136.0,42.42707117852976,,,,,,,,,,,,,,,,,,,,,17863937193977781474,br_89,mp_donetsk2,1622.0,151,38,Verdansk
MarkMadness,3,True,False,False,True,True,False,True,3.0,1.5,3375.0,1624.0,0.0,0.0,0.0,71.28842,1.0,124.69211822660098,1341.0,486582.47,2.0,826.0,49.54433497536946,0.0,,1.0,13079.0,5140.0,18417.0,0.0,,1513056.0,,2.0,2.0,0.0,1.0,1.0,,0.0,1.0,2.0,0.0,9768008423333984655,br_89,mp_donetsk2,1600.0,155,41,Verdansk
clayschubiner,3,True,False,False,True,True,False,True,1.0,0.3333333333333333,1300.0,1625.0,0.0,0.0,0.0,56.572926,1.0,48.0,808.0,435032.62,3.0,992.0,29.833846153846157,0.0,,,13079.0,3040.0,16222.0,0.0,,1513056.0,,,2.0,0.0,1.0,1.0,,1.0,1.0,,0.0,9768008423333984655,br_89,mp_donetsk2,1600.0,155,41,Verdansk
killacure24,3,True,False,False,True,True,False,True,7.0,3.5,4325.0,1625.0,1.0,0.0,0.0,85.022896,7.0,159.69230769230768,2546.0,484454.25,2.0,945.0,94.00615384615385,290.0,1.0,6.0,13079.0,6165.0,20079.0,0.0,,1513056.0,,5.0,2.0,0.0,2.0,1.0,,0.0,1.0,3.0,0.0,9768008423333984655,br_89,mp_donetsk2,1600.0,155,41,Verdansk
socom1880,3,True,False,False,True,True,False,True,6.0,3.0,3850.0,1625.0,2.0,0.0,0.0,76.52061,4.0,142.15384615384616,2084.0,374842.56,2.0,498.0,76.94769230769231,,,,,,,,,,,,,,,,,,,,,9768008423333984655,br_89,mp_donetsk2,1600.0,155,41,Verdansk
MarkMadness,39,False,False,False,True,True,False,True,1.0,0.5,1550.0,591.0,0.0,0.0,0.0,83.657585,1.0,157.36040609137055,307.0,203646.89,2.0,566.0,31.16751269035533,20.0,,,4457.0,1950.0,6427.0,0.0,,511776.0,,,1.0,0.0,,1.0,,0.0,1.0,2.0,0.0,6548550524296170821,br_25,mp_donetsk2,1624.0,150,55,Verdansk
clayschubiner,39,False,False,False,True,True,False,True,0.0,0.0,250.0,591.0,0.0,0.0,0.0,60.311283,0.0,25.380710659898476,250.0,223010.61,3.0,312.0,25.38071065989848,0.0,,,4457.0,250.0,4707.0,0.0,,511776.0,,1.0,1.0,0.0,,,,2.0,0.0,1.0,0.0,6548550524296170821,br_25,mp_donetsk2,1624.0,150,55,Verdansk
socom1880,39,False,False,False,True,True,False,True,1.0,0.5,800.0,591.0,0.0,0.0,0.0,82.68482,1.0,81.21827411167513,170.0,211661.5,2.0,430.0,17.258883248730964,,,,,,,,,,,,,,,,,,,,,6548550524296170821,br_25,mp_donetsk2,1624.0,150,55,Verdansk
Arturias13,4,True,False,False,False,True,True,True,5.0,5.0,7225.0,1732.0,1.0,0.0,0.0,78.21406,7.0,250.28868360277139,1843.0,396826.84,1.0,774.0,63.84526558891455,,,,,,,,,,,,,,,,,,,,,7790995940924453416,br_89,mp_donetsk2,1652.0,148,39,Verdansk
clayschubiner,4,True,False,False,False,True,True,True,2.0,1.0,1825.0,1732.0,0.0,0.0,0.0,83.91387,1.0,63.22170900692841,721.0,536610.7,2.0,776.0,24.97690531177829,10.0,,,12423.0,3665.0,16375.0,0.0,,1441728.0,,,3.0,0.0,3.0,1.0,,0.0,1.0,3.0,0.0,7790995940924453416,br_89,mp_donetsk2,1652.0,148,39,Verdansk
killacure24,4,True,False,False,False,True,True,True,7.0,2.3333333333333335,4600.0,1733.0,2.0,0.0,0.0,76.94744,4.0,159.2613964223889,2241.0,463507.0,3.0,804.0,77.58799769186382,150.0,2.0,6.0,12423.0,6740.0,20512.0,0.0,,1441728.0,2.0,3.0,3.0,0.0,1.0,,,2.0,0.0,4.0,0.0,7790995940924453416,br_89,mp_donetsk2,1652.0,148,39,Verdansk
socom1880,4,True,False,False,False,True,True,True,8.0,4.0,7125.0,1733.0,0.0,0.0,0.0,86.13046,5.0,246.68205424120026,3189.0,550848.5,2.0,803.0,110.40969417195615,,,,,,,,,,,,,,,,,,,,,7790995940924453416,br_89,mp_donetsk2,1652.0,148,39,Verdansk
Arturias13,38,True,False,False,False,True,True,True,1.0,1.0,325.0,153.0,0.0,0.0,0.0,98.68421,1.0,127.45098039215686,308.0,164036.84,0.0,0.0,120.78431372549021,,,,,,,,,,,,,,,,,,,,,7157642993391206835,br_89,mp_donetsk2,1612.0,152,39,Verdansk
clayschubiner,38,True,False,False,False,True,True,True,0.0,0.0,0.0,153.0,0.0,0.0,0.0,98.68421,0.0,0.0,72.0,222268.38,0.0,0.0,28.23529411764706,0.0,,,502.0,0.0,502.0,0.0,,81264.0,,,,0.0,,,,0.0,0.0,,0.0,7157642993391206835,br_89,mp_donetsk2,1612.0,152,39,Verdansk
killacure24,38,True,False,False,False,True,True,True,0.0,0.0,0.0,153.0,0.0,0.0,0.0,98.68421,0.0,0.0,12.0,224023.98,1.0,200.0,4.705882352941177,55.0,,,502.0,700.0,1257.0,0.0,,81264.0,,,,0.0,,,,0.0,0.0,,0.0,7157642993391206835,br_89,mp_donetsk2,1612.0,152,39,Verdansk
socom1880,38,True,False,False,False,True,True,True,0.0,0.0,0.0,152.0,0.0,0.0,0.0,98.68421,0.0,0.0,112.0,228603.14,1.0,200.0,44.21052631578947,,,,,,,,,,,,,,,,,,,,,7157642993391206835,br_89,mp_donetsk2,1612.0,152,39,Verdansk
Arturias13,6,True,False,False,False,True,True,True,0.0,0.0,4400.0,1561.0,0.0,0.0,0.0,60.175793,0.0,169.12235746316463,486.0,432912.94,2.0,468.0,18.680333119795005,,,,,,,,,,,,,,,,,,,,,6940195660567946582,br_89,mp_donetsk2,1635.0,152,38,Verdansk
clayschubiner,6,True,False,False,False,True,True,True,1.0,0.5,4950.0,1561.0,0.0,0.0,0.0,58.823532,1.0,190.26265214606022,164.0,591900.0,2.0,456.0,6.303651505445227,0.0,,,11964.0,10800.0,22874.0,0.0,,1469520.0,,,6.0,0.0,,4.0,,0.0,1.0,3.0,0.0,6940195660567946582,br_89,mp_donetsk2,1635.0,152,38,Verdansk
killacure24,6,True,False,False,False,True,True,True,1.0,0.5,6900.0,1561.0,1.0,0.0,0.0,80.79784,1.0,265.2146060217809,344.0,622475.1,2.0,569.0,13.222293401665599,45.0,,,11964.0,12950.0,25077.0,0.0,,1469520.0,,,6.0,0.0,,5.0,,0.0,1.0,2.0,0.0,6940195660567946582,br_89,mp_donetsk2,1635.0,152,38,Verdansk
socom1880,6,True,False,False,False,True,True,True,2.0,1.0,4750.0,1561.0,0.0,0.0,0.0,83.50237,2.0,182.5752722613709,938.0,611522.5,2.0,479.0,36.053811659192824,,,,,,,,,,,,,,,,,,,,,6940195660567946582,br_89,mp_donetsk2,1635.0,152,38,Verdansk
Chieffelix47,20,True,True,False,False,True,False,True,2.0,1.0,1000.0,923.0,0.0,0.0,0.0,80.74162,1.0,65.00541711809318,733.0,375571.22,2.0,1295.0,47.648970747562295,,,,,,,,,,,,,,,,,,,,,1141196910916462482,br_89,mp_donetsk2,1569.0,150,38,Verdansk
clayschubiner,20,True,True,False,False,True,False,True,1.0,0.5,2650.0,925.0,0.0,0.0,0.0,95.095695,1.0,171.8918918918919,205.0,539474.4,2.0,590.0,13.297297297297298,30.0,,,6828.0,3950.0,10860.0,0.0,,831024.0,,,3.0,0.0,,1.0,,0.0,1.0,,0.0,1141196910916462482,br_89,mp_donetsk2,1569.0,150,38,Verdansk
killacure24,20,True,True,False,False,True,False,True,1.0,0.5,825.0,925.0,0.0,0.0,0.0,46.05263,1.0,53.513513513513516,355.0,290926.12,2.0,342.0,23.027027027027028,30.0,,1.0,6828.0,2225.0,9083.0,0.0,,831024.0,,1.0,3.0,0.0,,,,1.0,0.0,2.0,0.0,1141196910916462482,br_89,mp_donetsk2,1569.0,150,38,Verdansk
socom1880,20,True,True,False,False,True,False,True,5.0,2.5,2525.0,925.0,0.0,0.0,0.0,95.69378,3.0,163.7837837837838,2330.0,505707.22,2.0,453.0,151.13513513513513,,,,,,,,,,,,,,,,,,,,,1141196910916462482,br_89,mp_donetsk2,1569.0,150,38,Verdansk
Chieffelix47,7,False,True,False,False,True,False,True,6.0,3.0,5650.0,1577.0,0.0,0.0,0.0,94.5674,4.0,214.96512365250476,2452.0,431508.16,2.0,599.0,93.29105897273303,,,,,,,,,,,,,,,,,,,,,12328020049784951049,br_25,mp_donetsk2,1660.0,150,52,Verdansk
clayschubiner,7,False,True,False,False,True,False,True,1.0,0.5,4250.0,1578.0,0.0,0.0,0.0,72.09926,1.0,161.59695817490496,391.0,310092.03,2.0,477.0,14.866920152091254,10.0,,,12102.0,8300.0,20412.0,0.0,,1468176.0,,,4.0,0.0,,3.0,,0.0,1.0,4.0,0.0,12328020049784951049,br_25,mp_donetsk2,1660.0,150,52,Verdansk
socom1880,7,False,True,False,False,True,False,True,7.0,3.5,4475.0,1579.0,1.0,0.0,0.0,92.89067,4.0,170.0443318556048,1972.0,421738.06,2.0,801.0,74.93350221659279,,,,,,,,,,,,,,,,,,,,,12328020049784951049,br_25,mp_donetsk2,1660.0,150,52,Verdansk
Chieffelix47,48,False,True,False,False,True,False,True,1.0,0.5,500.0,282.0,0.0,0.0,0.0,95.12195,1.0,106.38297872340425,724.0,260370.33,2.0,214.0,154.04255319148936,,,,,,,,,,,,,,,,,,,,,7832555159337184153,br_25,mp_donetsk2,1621.0,150,53,Verdansk
clayschubiner,48,False,True,False,False,True,False,True,0.0,0.0,0.0,283.0,0.0,0.0,0.0,80.48781,0.0,0.0,171.0,264002.22,2.0,200.0,36.254416961130744,0.0,,,1528.0,0.0,1528.0,0.0,,206976.0,,,,0.0,,,,1.0,0.0,,0.0,7832555159337184153,br_25,mp_donetsk2,1621.0,150,53,Verdansk
socom1880,48,False,True,False,False,True,False,True,2.0,1.0,650.0,283.0,0.0,0.0,0.0,95.12195,2.0,137.80918727915193,324.0,200288.5,2.0,282.0,68.69257950530036,,,,,,,,,,,,,,,,,,,,,7832555159337184153,br_25,mp_donetsk2,1621.0,150,53,Verdansk
